-- ═══════════════════════════════════════════════════════════════════════════
-- LES CLÉS DU CHÂTEAU — SEED INITIAL (S1-γ)
-- ═══════════════════════════════════════════════════════════════════════════
-- Fichier généré automatiquement par scripts/generate-seed.cjs
-- Source     : src/data/chateaux.js (8 châteaux : 6 mocks + 2 premium)
-- Date       : 2026-05-09T09:06:28.900Z
-- Idempotent : ON CONFLICT DO UPDATE sur toutes les tables
-- Rejouable  : oui — UUIDs déterministes (SHA-1 namespace:name)
-- Pré-requis : schema.sql (S1-α) + policies.sql (S1-β) appliqués
-- ═══════════════════════════════════════════════════════════════════════════

BEGIN;

-- 1. modules (référentiel statique 4 lignes — A/B/C/D)
INSERT INTO public.modules (id, code, nom, description, commission_min_pct, commission_max_pct, politique_annulation_default, requires_auth_role, est_actif) VALUES
  ('6c150030-e9c1-574f-8124-5e08eb2981d1', 'A', 'Vitrine Permanente', 'Présence permanente sur la plateforme — module de base.', 11, 15, 'flexible', NULL, true),
  ('636f3128-5185-5803-8ca4-13b8dff29592', 'B', 'Les Dernières Clés', 'Offres last-minute pour combler les nuits vacantes (J-7 à J-15).', 7, 10, 'strict', NULL, true),
  ('7bcbca95-be39-558b-8d9e-f0628d962fda', 'C', 'Club des Châtelains', 'Offres exclusives réservées aux membres connectés.', 8, 12, 'flexible', 'client'::user_role, true),
  ('5ede45b7-cfe2-50ab-8bf5-c90730a38950', 'D', 'Événementiel', 'Privatisation pour mariages, séminaires, événements (slot prévu, inactif au lancement).', NULL, NULL, 'strict', NULL, false)
ON CONFLICT (code) DO UPDATE SET
  nom                          = EXCLUDED.nom,
  description                  = EXCLUDED.description,
  commission_min_pct           = EXCLUDED.commission_min_pct,
  commission_max_pct           = EXCLUDED.commission_max_pct,
  politique_annulation_default = EXCLUDED.politique_annulation_default,
  requires_auth_role           = EXCLUDED.requires_auth_role,
  est_actif                    = EXCLUDED.est_actif;

-- 2. chateaux (8 lignes)
INSERT INTO public.chateaux (id, nom, slug, region, departement, ville, accroche, siecle, style, distance_paris, distance_paris_label, urgence, coordonnees_lat, coordonnees_lng, histoire, description, region_narrative, region_histoire, chiffres_cles, images, video_background_youtube_id, prop_nom, prop_depuis, prop_initiale, prop_nom_affiche, prop_portrait, prop_citation, prop_description, est_la_une, is_demo_mock, note_sur_5, nb_avis, date_disponible, couleur_theme, accent_theme, petit_dejeuner, parking, wifi, animaux) VALUES
  ('1835a34d-9680-5a79-8eb4-313e3932c782', 'Château de Vaux-le-Vicomte', 'vaux-le-vicomte', 'Île-de-France', 'Seine-et-Marne', 'Maincy', 'Le château qui inspira Versailles, le temps d''une nuit', 'XVIIe', 'Baroque classique', 45, '55 km · 45 min', 'J-7', 48.5681, 2.7157, 'Demeure légendaire de Nicolas Fouquet, surintendant des finances de Louis XIV, Vaux-le-Vicomte fut érigé entre 1658 et 1661. Sa magnificence provoqua la jalousie du Roi-Soleil, qui fit arrêter Fouquet peu après la fête d''inauguration. Le château devint alors le modèle sur lequel fut conçu Versailles. Ses jardins à la française, dessinés par André Le Nôtre, ses appartements d''apparat peints par Charles Le Brun, et son architecture signée Louis Le Vau composent un ensemble d''une cohérence artistique rare.', 'Demeure légendaire de Nicolas Fouquet, Vaux-le-Vicomte incarne le faste du Grand Siècle. Ses jardins à la française dessinés par Le Nôtre, ses appartements d''apparat et ses cuisines historiques composent un écrin incomparable pour une nuit d''exception.', 'L''Île-de-France réunit les grandes résidences royales et nobiliaires de France. Vaux-le-Vicomte, en Seine-et-Marne, s''inscrit dans cette tradition de proximité avec le pouvoir. Le domaine, aux portes de la Brie, illustre l''art des jardins à la française au XVIIe siècle.', 'La Seine-et-Marne fut historiquement le pays de Brie, terre fertile et prospère sous l''Ancien Régime. Sa proximité avec Paris et la Cour y attira l''aristocratie et les officiers du roi. Châteaux de Fontainebleau, Vaux-le-Vicomte, Champs-sur-Marne et Blandy-les-Tours témoignent de ce passé d''apparat et de pouvoir.', NULL, ARRAY['https://images.unsplash.com/photo-1562602833-0f4ab2fc46e3?w=1200&q=80','https://images.unsplash.com/photo-1571896349842-33c89424de2d?w=1200&q=80','https://images.unsplash.com/photo-1566073771259-6a8506099945?w=1200&q=80']::text[], NULL, 'Famille de Vogüé', '1875', 'F', 'de Vogüé', 'https://images.unsplash.com/photo-1507003211169-0a1dd7228f2d?w=400&q=80', 'Vaux-le-Vicomte n''est pas un musée, c''est une maison vivante. Chaque soir aux chandelles, nous voyons des yeux s''émerveiller — c''est pour cela que nous continuons.', 'La famille de Vogüé veille sur Vaux-le-Vicomte depuis cinq générations. Héritiers d''Alfred Sommier qui sauva le château de la ruine en 1875, ils ont fait le choix de l''ouvrir au monde tout en préservant son caractère intimement privé.', false, true, NULL, 0, NULL, '#1a2d5a', '#c8973e', false, true, true, false),
  ('471c00ee-8b12-5943-8e79-dddf07959a82', 'Château de Pierrefonds', 'pierrefonds', 'Hauts-de-France', 'Oise', 'Pierrefonds', 'Une forteresse médiévale sortie tout droit des légendes arthuriennes', 'XIIe–XIXe', 'Médiéval restauré', 70, '85 km · 1h10', 'J-10', 49.3442, 2.9797, 'Édifié au XIIe siècle, le château de Pierrefonds fut rasé sur ordre de Louis XIV en 1617. Napoléon III en fit l''acquisition en 1813 pour la somme symbolique de 2 500 francs, puis confia sa restauration à Eugène Viollet-le-Duc entre 1857 et 1885. Ce dernier ne se contenta pas de restaurer mais réinventa une forteresse médiévale idéale, enrichie d''une iconographie arthurienne et royale qui en fait un château de rêve autant qu''un monument historique.', 'Restauré par Viollet-le-Duc pour Napoléon III, Pierrefonds est l''une des plus spectaculaires forteresses médiévales d''Europe. Ses tours majestueuses, ses douves et ses salles d''armes transportent instantanément dans un autre siècle.', 'Les Hauts-de-France, autour de Compiègne, sont une terre de forêts royales et de châteaux où l''histoire s''est jouée à plusieurs reprises. Pierrefonds, dans l''Oise, illustre la fascination du XIXe siècle pour le Moyen Âge réinventé par Viollet-le-Duc.', 'L''Oise fut au cœur du royaume capétien, terre des seigneurs de Valois et résidence des rois de France à Compiègne. Forêts profondes, abbayes médiévales et palais impériaux y composent un paysage patrimonial dense, marqué aussi par les deux guerres mondiales — la signature de l''Armistice de 1918 s''y est tenue.', NULL, ARRAY['https://images.unsplash.com/photo-1533154683836-84ea7a0bc310?w=1200&q=80']::text[], NULL, 'Centre des Monuments Nationaux', '1885', 'C', 'Centre des Monuments Nationaux', 'https://images.unsplash.com/photo-1472099645785-5658abf4ff4e?w=400&q=80', 'Pierrefonds est l''œuvre d''un génie et d''un empereur. Notre mission est de faire vivre ce rêve de pierre pour les générations futures.', 'Propriété de l''État depuis Napoléon III, Pierrefonds est géré par le Centre des Monuments Nationaux qui a ouvert une aile résidentielle d''exception permettant de dormir dans la forteresse même.', false, true, NULL, 0, NULL, '#2c1810', '#c8973e', false, true, true, true),
  ('e2e456fe-231c-54c0-8ae8-18154104e827', 'Château de Chantilly', 'chantilly', 'Hauts-de-France', 'Oise', 'Chantilly', 'Le grand domaine des Condé, entre forêt, hippodrome et musée', 'XVIe–XIXe', 'Renaissance & Classique', 35, '48 km · 35 min', 'J-15', 49.1936, 2.4847, 'Le domaine de Chantilly appartint successivement aux plus grandes familles de France. Anne de Montmorency, connétable de France, y fit édifier le Grand Château au XVIe siècle. Le Grand Condé, vainqueur de Rocroi, en fit une résidence fastueuse confiée à Le Nôtre pour les jardins et Molière pour les divertissements. Le duc d''Aumale, fils de Louis-Philippe, légua l''ensemble à l''Institut de France avec sa collection de peintures, aujourd''hui l''une des plus importantes de France après le Louvre.', 'Entouré de douves et de jardins à la française, le Château de Chantilly abrite l''un des plus beaux musées de peinture de France. L''hippodrome, la forêt et les Grandes Écuries composent un domaine d''une richesse incomparable.', 'À une heure de Paris, la plaine cantilienne ouvre les Hauts-de-France sur un paysage de forêts royales et de grands domaines. Chantilly, terre des Condé puis du duc d''Aumale, abrite l''un des plus importants ensembles patrimoniaux français au nord de la capitale.', 'Le pays de Chantilly fut longtemps le territoire des Montmorency et des Condé, princes du sang et grands soldats du royaume. Le duc d''Aumale, fils de Louis-Philippe, légua le domaine à l''Institut de France en 1886 avec sa collection de peintures, l''une des plus importantes en France après celle du Louvre.', NULL, ARRAY['https://images.unsplash.com/photo-1659526062822-72f35fedff25?w=1200&q=80','https://images.unsplash.com/photo-1566073771259-6a8506099945?w=1200&q=80']::text[], NULL, 'Institut de France', '1886', 'I', 'Institut de France', 'https://images.unsplash.com/photo-1560250097-0dc005d9af94?w=400&q=80', 'Le duc d''Aumale nous a légué non seulement un château, mais une vision de la France à son apogée. Nous en sommes les gardiens humbles et fiers.', 'L''Institut de France, gardien du domaine depuis le legs du duc d''Aumale en 1886, a ouvert les Grandes Écuries en hébergement de prestige. Une façon unique de dormir au cœur d''un des plus grands domaines de France.', false, true, NULL, 0, NULL, '#1a3a2a', '#c8973e', false, true, true, false),
  ('1aa33001-b80e-5447-8f00-4d251072be67', 'Château de Fontainebleau', 'fontainebleau', 'Île-de-France', 'Seine-et-Marne', 'Fontainebleau', 'La demeure de trente rois de France, au cœur de la forêt', 'XVIe', 'Renaissance royale', 50, '65 km · 50 min', 'J-7', 48.4025, 2.7017, 'Fontainebleau est la seule résidence royale française habitée sans interruption pendant huit siècles, de Saint Louis à Napoléon III. François Ier en fit une Renaissance à la française en y invitant les meilleurs artistes italiens — le Rosso Fiorentino et le Primatice — créant ainsi la première École de Fontainebleau. Napoléon Ier y signa son abdication le 11 avril 1814, dans le Salon Rouge, épisode entré dans l''histoire comme les Adieux de Fontainebleau.', 'Résidence favorite des rois de France pendant huit siècles, Fontainebleau est un palais vivant, entouré d''une forêt de 25 000 hectares idéale pour l''escalade, l''équitation et les promenades au grand air.', 'La forêt de Fontainebleau, vaste de 25 000 hectares, forme un écrin sauvage rare aux portes de l''Île-de-France. Le château, résidence favorite de trente rois de France, s''y déploie depuis le XIIe siècle au cœur des chaos de grès et des chemins forestiers.', 'Fontainebleau fut la seule résidence royale française habitée sans interruption pendant huit siècles, de Saint Louis à Napoléon III. François Ier y créa la première École de Fontainebleau en invitant les artistes italiens du XVIe siècle. Napoléon Ier y signa son abdication en 1814 — les Adieux entrés dans la légende française.', NULL, ARRAY['https://images.unsplash.com/photo-1520250497591-112f2f40a3f4?w=1200&q=80','https://images.unsplash.com/photo-1578683010236-d716f9a3f461?w=1200&q=80','https://images.unsplash.com/photo-1566073771259-6a8506099945?w=1200&q=80']::text[], NULL, 'République Française — CMN', '1793', 'R', 'République Française — CMN', 'https://images.unsplash.com/photo-1519085360753-af0119f7cbe7?w=400&q=80', 'Fontainebleau n''appartient pas à la France — c''est la France elle-même, condensée en pierre, en or et en forêt.', 'Propriété nationale depuis la Révolution, Fontainebleau est géré par le Centre des Monuments Nationaux. Une aile privée a été ouverte aux hôtes de marque, permettant de vivre dans les murs où trente rois ont résidé.', false, true, NULL, 0, NULL, '#1a2d1a', '#c8973e', false, true, true, true),
  ('49be38ea-2e0f-5063-840b-ff44680a5654', 'Château de La Ferté-Saint-Aubin', 'ferte-saint-aubin', 'Centre-Val de Loire', 'Loiret', 'La Ferté-Saint-Aubin', 'Un château habité, chaleureux, au cœur de la Sologne', 'XVIIe', 'Classique ligérien', 90, '155 km · 1h30', 'J-10', 47.7197, 1.9558, 'La Ferté-Saint-Aubin est l''un des rares châteaux de France encore habité et transmis dans la même famille depuis le XVIIe siècle. Édifié pour Henri de Saint-Nectaire, maréchal de France, il conserve son mobilier d''origine et ses cuisines d''époque intactes. La Sologne environnante, avec ses étangs, ses forêts de pins et ses domaines de chasse, forme le cadre idéal de cette immersion dans une aristocratie rurale authentique, loin des fastes versaillais.', 'Rare château encore habité et transmis dans la même famille depuis des siècles, La Ferté-Saint-Aubin offre une expérience authentique et intimiste : grands appartements, cuisines d''époque, parc giboyeux et étangs de Sologne.', 'Le Loiret, en lisière nord du Centre-Val de Loire, ouvre les paysages de Sologne — étangs, forêts de pins, manoirs de chasse. La Ferté-Saint-Aubin s''inscrit dans cette tradition d''aristocratie rurale française, à mi-chemin entre Orléans et les grands châteaux ligériens du Val de Loire.', 'Le Centre-Val de Loire est la terre des grands châteaux royaux et nobiliaires de la Renaissance — Chambord, Cheverny, Chenonceau, Blois. Le Val de Loire est inscrit au patrimoine mondial de l''UNESCO depuis 2000. La Sologne au nord, ancienne réserve de chasse des rois et de la noblesse, conserve ses étangs, ses forêts et ses traditions cynégétiques.', NULL, ARRAY['https://images.unsplash.com/photo-1564501049412-61c2a3083791?w=1200&q=80','https://images.unsplash.com/photo-1507003211169-0a1dd7228f2d?w=1200&q=80']::text[], NULL, 'Famille de Jouffroy-Gonsans', '1840', 'F', 'de Jouffroy-Gonsans', 'https://images.unsplash.com/photo-1500648767791-00dcc994a43e?w=400&q=80', 'Mon arrière-grand-père aurait pu vendre. Mon grand-père aurait pu transformer en hôtel. Nous avons choisi de rester. Ce château vit parce que nous y vivons — et nos hôtes le sentent dès qu''ils franchissent le pont-levis.', 'Cinq générations. Une seule famille. La famille de Jouffroy-Gonsans n''a jamais cédé à la tentation de la vente ni à celle de la chaîne hôtelière. Ils habitent La Ferté à l''année, reçoivent leurs hôtes à leur table et transmettent, saison après saison, l''art de vivre d''une aristocratie rurale française qui n''existe plus nulle part ailleurs avec cette authenticité.', false, true, NULL, 0, NULL, '#2d1f0e', '#c8973e', false, true, false, true),
  ('5b612841-ab26-5cbd-8b8a-deb8607d6dc8', 'Château de Pierreclos', 'pierreclos', 'Bourgogne-Franche-Comté', 'Saône-et-Loire', 'Pierreclos', 'Huit siècles de pierre, douze hectares de vignes, une famille — le château le plus vivant de Bourgogne', 'XIIe–XVe', 'Médiéval bourguignon', 180, '370 km · 3h', 'J-15', 46.3764, 4.6897, 'Depuis le XIIe siècle, le château de Pierreclos domine en silence les vignes du Mâconnais. Ses murs épais d''un mètre ont traversé les guerres de Religion, la Révolution, deux conflits mondiaux — sans jamais changer de nature. C''est un château de travail autant que de prestige : la famille Goyard y cultive ses 12 hectares de vignes en agriculture raisonnée depuis quatre générations, produisant un Mâcon Villages que les amateurs s''arrachent. Lamartine, enfant du pays, venait s''y ressourcer et y puisa l''inspiration de ses plus belles Méditations. Aujourd''hui comme hier, Pierreclos est un château qui vit — qui produit, qui reçoit, qui transmet. Pas un monument figé dans l''ambre, mais une demeure où chaque saison a son rythme, ses vendanges, ses lumières.', 'Juché sur les hauteurs du Mâconnais, entre Pouilly-Fuissé et Cluny, le château de Pierreclos est à la fois une forteresse médiévale du XIIe siècle, un domaine viticole en activité et une maison de famille habitée depuis des générations. La famille Goyard vous reçoit à leur table, vous emmène dans leurs vignes et vous ouvre leur cave du Moyen Âge. À 3h de Paris, c''est la Bourgogne dans son état le plus pur — celle d''avant les guides et les circuits touristiques.', 'Le Mâconnais, au sud de la Bourgogne, ouvre les coteaux des grands blancs de chardonnay — Pouilly-Fuissé, Mâcon Villages, Saint-Véran. Pierreclos s''élève au cœur de ce paysage viticole, sur les hauteurs qui dominent la Saône et marquent le début des reliefs du Beaujolais.', 'La Bourgogne fut au Moyen Âge l''un des duchés les plus puissants d''Europe occidentale, rivale du royaume de France. Cluny y rayonna comme premier ordre monastique de la chrétienté. Le Mâconnais, terre frontière entre Bourgogne et Lyonnais, vit naître Lamartine et conserve un patrimoine roman et viticole exceptionnel — les Climats du vignoble sont classés à l''UNESCO.', NULL, ARRAY['https://images.unsplash.com/photo-1595526114035-0d45ed16cfbf?w=1200&q=80','https://images.unsplash.com/photo-1760372057956-d20c2195c7a2?w=1200&q=80','https://images.unsplash.com/photo-1533105079780-92b9be482077?w=1200&q=80']::text[], NULL, 'Famille Goyard', '1920', 'F', 'Goyard', 'https://images.unsplash.com/photo-1506794778202-cad84cf45f1d?w=400&q=80', 'Mon grand-père vendangeait ces vignes à la main. Je fais pareil. Et quand nos hôtes descendent à la cave avec moi le soir, ils comprennent pourquoi on ne vendra jamais — ni le château, ni les vignes.', 'Quatre générations de Goyard ont cultivé ces vignes et habité ces murs sans jamais envisager autre chose. Vignerons le matin, châtelains le soir — ils incarnent un art de vivre bourguignon qui ne se trouve plus dans les brochures. Leurs hôtes ne sont pas des touristes : ce sont des gens à qui ils choisissent d''ouvrir leur maison, leur cave et leur table.', false, true, NULL, 0, NULL, '#2d1a0e', '#c8973e', false, true, true, false),
  ('35015d71-5591-570c-8023-cc077d981cd4', 'Château des Briottières', 'les-briottieres', 'Pays de la Loire', 'Maine-et-Loire', 'Champigné', 'Sept générations d’une même famille, cinquante hectares d’Anjou, une table aux chandelles chaque soir', 'XVIIIe siècle', 'Demeure familiale · Art de vivre anjouvin', 135, '2h15 de Paris', 'J-10', 47.6833, -0.5333, 'Nées au coeur de l''Anjou à la fin du Moyen Âge, les Briottières ont traversé les siècles entre nobles alliances et bâtisseurs passionnés. La chapelle Saint-Bonaventure, édifiée en 1528, en témoigne. Acquis au XIXe siècle par Alfred de Mieulle, aïeul de l''actuel propriétaire, le Château devient une élégante demeure estivale entourée d''un parc à l''anglaise de 50 hectares. Madame de Staël l''a aimée. George Sand et Chopin y ont séjourné. Depuis sept générations, chaque famille y a cultivé un art de vivre singulier.', 'Au coeur de l''Anjou, dans un parc à l''anglaise de 50 hectares dessiné par le paysagiste Châtelain, le Château des Briottières est dans la même famille depuis sept générations. Arnaud et Madeleine de Valbray y accueillent les voyageurs du monde entier comme à la maison — promenades dans le parc arboré, sieste au bord de la piscine, dîner aux chandelles. Ici, le luxe se mesure en silence, en espace et en beauté.', 'L''Anjou est l''une des provinces les plus douces de France — ni la brutalité de l''Atlantique, ni la rigueur continentale. Un bocage généreux, des châteaux discrets, des vignes qui donnent le Savennières et le Layon. Les Briottières s''inscrivent dans ce paysage comme une évidence : une demeure qui n''a jamais cherché à impressionner, seulement à accueillir.', 'Le Maine-et-Loire fut longtemps le cœur du royaume des Plantagenets. Angers, capitale de l’Anjou, vit naître Henri II d’Angleterre et le roi René, dernier duc d’Anjou, ce prince lettré qui fit de sa cour l’une des plus brillantes d’Europe. La Loire, classée au patrimoine mondial de l’Unesco, borde le département au sud. L’Anjou bleu au nord — où se trouvent les Briottières — est un pays de bocage, de forêts et d’étangs, plus discret que la Loire mais tout aussi envoutant.', NULL, ARRAY['/bri-1.avif','/bri-2.avif','https://images.unsplash.com/photo-1566073771259-6a8506099945?w=1200&q=80']::text[], NULL, 'Arnaud & Madeleine de Valbray', '2010', 'A', 'Arnaud & Madeleine de Valbray', '/bri-arnaud.avif', 'Dans la même famille depuis sept générations. Ici, le luxe se mesure en silence, en espace et en beauté.', 'Arnaud de Valbray a grandi dans ces murs. Avec Madeleine, ils perpétuent le flambeau de François et Hedwige de Valbray qui firent renaître la maison en 1979. Ils reçoivent leurs hôtes comme des invités — chaleur d''une maison de famille, discrétion d''un hôtel confidentiel, fierté d''une histoire transmise depuis sept générations.', true, false, NULL, 0, NULL, '#1a0e05', '#C09840', false, true, true, true),
  ('b9e0f516-d575-5f55-804e-f66187825cd0', 'Château du Blanc Buisson', 'blanc-buisson', 'Normandie', 'Eure', 'Rugles', 'Sept siècles d’histoire, trois familles, des douves, un donjon — le plus discret des châteaux normands', 'XIIIe siècle', 'Château médiéval · Normandie historique', 120, '2h de Paris', 'J-15', 48.9167, 0.7333, 'En 1290, sous le règne de Philippe le Bel, Colinet Lecomte fait édifier le Blanc Buisson pour protéger les paysans du Pays d’Ouche contre les brigands. Sept siècles ont passé. Le château n’a appartenu qu’à trois familles, transmis presque toujours par mariage ou héritage. Au XIVe siècle, les troupes du roi Jean II assiègent la demeure et détruisent son premier étage. Il faudra attendre le XVe siècle pour que Marie Colinet Le Conte et Jean II du Merle le reconstruisent, mélant douves, tourelles, pont-levis et échauguéttes dans un style à la charnière du Góthique et de la Renaissance. En 1801, vendu pour la première et unique fois, il entre dans la famille Pillons de Saint-Philbert, ancêtres des propriétaires actuels. Aujourd’hui, Maïté et Éric de la Fresnaye l’habitent, le restaurent et l’animent avec une passion intègre. Le château n’est pas un musée : c’est une maison vivante, où chaque pièce semble habitée, comme si le temps s’y était arrêté.', 'Au cœur du Pays d’Ouche normand, niché dans un parc de 8 hectares classé pour ses essences rares, le Château du Blanc Buisson est un chef-d''œuvre de l’architecture féodale tardive. Douves intégrales, pont-levis, donjon carré, tourelles de garde — tout est intact depuis 1290. Maïté et Éric de la Fresnaye y accueillent leurs hôtes dans la Suite du Donjon et dans La Réserve, avec la chaleur d’une maison de famille.', 'Le Pays d’Ouche est l’une des contrées les plus secrets de Normandie. Ni côtière ni touristique, cette terre de bocages, de forêts denses et d’étangs silencieux s’étend entre l’Eure et l’Orne, loin des circuits battus. On y croise des abbayes cisterciennes, des manoirs de brique et de silex, des villages où le temps semble suspendu. Le Blanc Buisson s’inscrit dans ce paysage comme il y a sept siècles : discret, intact, vivant.', 'La Normandie est l’une des provinces les plus chargées d’histoire de France. Conquise par les Vikings au IXe siècle, elle devient le duché qui donnera Guillaume le Conquérant et changera le destin de l’Angleterre en 1066. Le Pays d’Ouche, lui, vécut au rythme des guerres entre capétiens et plantagenêts, des chevauchées anglaises pendant la Guerre de Cent Ans, et des reconstructions patientes qui suivirent. C’est dans ce contexte que le Blanc Buisson fut assiégé au XIVe siècle par les troupes du roi Jean II — et que ses propriétaires le reconstruisirent, pierre par pierre, tel qu’il se dresse encore aujourd’hui.', NULL, ARRAY['/bb-p1.avif','/bb-p2.avif','/bb-p3.avif']::text[], 'JQ9m51Bl900', 'Maïté & Éric de la Fresnaye', '2014', 'M', 'Maïté & Éric de la Fresnaye', '/bb-eric2.jpg', 'Ce château n’a appartenu qu’à trois familles en sept siècles. Quand vous venez ici, vous sentez que les murs ont une mémoire. Notre rôle est de la garder vivante.', 'Éric de la Fresnaye a hérité du Blanc Buisson en 2014. Avec Maïté, ils ont engagé une restauration minutieuse et décidé d’ouvrir le château aux séminaires, mariages et séjours — non par nécessité commerciale, mais par conviction patrimoniale. Ils reçoivent leurs hôtes comme des invités de marque, dans une atmosphère d’intimité et de confidentialité absolues.', true, false, NULL, 0, NULL, '#1a1205', '#C09840', false, true, true, false)
ON CONFLICT (slug) DO UPDATE SET
  nom                          = EXCLUDED.nom,
  region                       = EXCLUDED.region,
  departement                  = EXCLUDED.departement,
  ville                        = EXCLUDED.ville,
  accroche                     = EXCLUDED.accroche,
  siecle                       = EXCLUDED.siecle,
  style                        = EXCLUDED.style,
  distance_paris               = EXCLUDED.distance_paris,
  distance_paris_label         = EXCLUDED.distance_paris_label,
  urgence                      = EXCLUDED.urgence,
  coordonnees_lat              = EXCLUDED.coordonnees_lat,
  coordonnees_lng              = EXCLUDED.coordonnees_lng,
  histoire                     = EXCLUDED.histoire,
  description                  = EXCLUDED.description,
  region_narrative             = EXCLUDED.region_narrative,
  region_histoire              = EXCLUDED.region_histoire,
  chiffres_cles                = EXCLUDED.chiffres_cles,
  images                       = EXCLUDED.images,
  video_background_youtube_id  = EXCLUDED.video_background_youtube_id,
  prop_nom                     = EXCLUDED.prop_nom,
  prop_depuis                  = EXCLUDED.prop_depuis,
  prop_initiale                = EXCLUDED.prop_initiale,
  prop_nom_affiche             = EXCLUDED.prop_nom_affiche,
  prop_portrait                = EXCLUDED.prop_portrait,
  prop_citation                = EXCLUDED.prop_citation,
  prop_description             = EXCLUDED.prop_description,
  est_la_une                   = EXCLUDED.est_la_une,
  is_demo_mock                 = EXCLUDED.is_demo_mock,
  couleur_theme                = EXCLUDED.couleur_theme,
  accent_theme                 = EXCLUDED.accent_theme,
  petit_dejeuner               = EXCLUDED.petit_dejeuner,
  parking                      = EXCLUDED.parking,
  wifi                         = EXCLUDED.wifi,
  animaux                      = EXCLUDED.animaux;

-- 3. chambres (23 lignes)
INSERT INTO public.chambres (id, chateau_id, nom, description, superficie, capacite, prix_cents, image, equipements, pricing_rules, min_stay_nights, max_stay_nights, cleaning_fee_cents, ordre) VALUES
  ('e2a610dd-952c-51e1-81b6-c10daca53473', '1835a34d-9680-5a79-8eb4-313e3932c782', 'Chambre Fouquet', 'Suite d''apparat dans l''aile nord, mobilier Louis XIV d''origine, vue sur les jardins Le Nôtre et le Grand Canal.', '45 m²', 2, 38000, 'https://images.unsplash.com/photo-1560185127-6a207d4bb8e0?w=800&q=80', ARRAY['Lit baldaquin','Salle de bain marbre','Vue jardins','Petit-déjeuner inclus']::text[], NULL, 1, NULL, 0, 0),
  ('c3528116-867f-52c7-8a8a-d5c60c826037', '1835a34d-9680-5a79-8eb4-313e3932c782', 'Suite Le Brun', 'Ancienne chambre du peintre Charles Le Brun, plafonds peints d''origine, atmosphère d''atelier royal.', '55 m²', 2, 48000, 'https://images.unsplash.com/photo-1560185893-a55cbc8c57e8?w=800&q=80', ARRAY['Plafonds peints XVIIe','Salon privé','Vue cour d''honneur','Champagne à l''arrivée']::text[], NULL, 1, NULL, 0, 1),
  ('2da63265-b363-55ef-8bc1-d6f5dab74988', '1835a34d-9680-5a79-8eb4-313e3932c782', 'Appartement Le Nôtre', 'Appartement de deux pièces donnant directement sur les parterres brodés, le plus grand domaine privé de France.', '80 m²', 4, 68000, 'https://images.unsplash.com/photo-1582719478250-c89cae4dc85b?w=800&q=80', ARRAY['2 chambres','Terrasse privée','Vue panoramique','Butler dédié']::text[], NULL, 1, NULL, 0, 2),
  ('8502bb82-0473-52ba-8c0b-5570cd053d46', '471c00ee-8b12-5943-8e79-dddf07959a82', 'Chambre des Preux', 'Dans la tour nord, mobilier néo-gothique dessiné par Viollet-le-Duc, vue sur les douves et la forêt de Compiègne.', '38 m²', 2, 29000, 'https://images.unsplash.com/photo-1631049307264-da0ec9d70304?w=800&q=80', ARRAY['Mobilier Viollet-le-Duc','Vue sur douves','Salle de bain pierre','Petit-déjeuner inclus']::text[], NULL, 1, NULL, 0, 0),
  ('4e7156a2-410c-5ad4-8c9d-6e3b8c9f05e1', '471c00ee-8b12-5943-8e79-dddf07959a82', 'Suite Impériale', 'Appartements de Napoléon III entièrement restaurés, tapisseries d''Aubusson, vue sur la cour d''honneur.', '65 m²', 2, 39000, 'https://images.unsplash.com/photo-1560185893-a55cbc8c57e8?w=800&q=80', ARRAY['Tapisseries Aubusson','Salon impérial','Vue cour d''honneur','Champagne Napoléon']::text[], NULL, 1, NULL, 0, 1),
  ('d01bd5fc-1947-5044-81dd-194c2f2f1239', '471c00ee-8b12-5943-8e79-dddf07959a82', 'Tour de Charlemagne', 'Suite circulaire dans la plus haute tour, panorama à 360° sur Pierrefonds et la forêt, escalier à vis privatif.', '50 m²', 2, 45000, 'https://images.unsplash.com/photo-1582719478250-c89cae4dc85b?w=800&q=80', ARRAY['Vue 360°','Escalier privatif','Lit à baldaquin','Accès remparts']::text[], NULL, 1, NULL, 0, 2),
  ('a043fc0f-7638-5a65-8a60-59faf403164a', 'e2e456fe-231c-54c0-8ae8-18154104e827', 'Stalle Princière', 'Ancienne stalle des pur-sang du Grand Condé, transformée en chambre de caractère, poutres apparentes et box d''origine.', '42 m²', 2, 45000, 'https://images.unsplash.com/photo-1631049307264-da0ec9d70304?w=800&q=80', ARRAY['Architecture XVIIe','Poutres apparentes','Vue cour des écuries','Petit-déjeuner inclus']::text[], NULL, 1, NULL, 0, 0),
  ('5a515f44-55d5-5730-8e02-82423b910309', 'e2e456fe-231c-54c0-8ae8-18154104e827', 'Suite Condé', 'Suite de deux pièces dans l''aile d''honneur, mobilier Empire, vue directe sur les douves et le château.', '70 m²', 2, 62000, 'https://images.unsplash.com/photo-1560185893-a55cbc8c57e8?w=800&q=80', ARRAY['Mobilier Empire','Vue château et douves','Salon privé','Accès musée privé']::text[], NULL, 1, NULL, 0, 1),
  ('76b565bd-be49-5523-87e6-3c4313a7b2db', 'e2e456fe-231c-54c0-8ae8-18154104e827', 'Appartement Aumale', 'Appartement de trois pièces dans les appartements privés du duc, collection de gravures d''origine, terrasse sur les jardins.', '95 m²', 4, 89000, 'https://images.unsplash.com/photo-1582719478250-c89cae4dc85b?w=800&q=80', ARRAY['3 pièces','Terrasse jardins','Collection gravures','Butler & majordome']::text[], NULL, 1, NULL, 0, 2),
  ('886012d5-dad8-55c3-814e-b7ff7b11b3b5', '1aa33001-b80e-5447-8f00-4d251072be67', 'Chambre François Ier', 'Dans l''aile Renaissance, lambris peints par l''École de Fontainebleau, mobilier XVIe, vue sur la cour Ovale.', '50 m²', 2, 52000, 'https://images.unsplash.com/photo-1631049307264-da0ec9d70304?w=800&q=80', ARRAY['Lambris Renaissance','Vue cour Ovale','Salle de bain marbre','Petit-déjeuner inclus']::text[], NULL, 1, NULL, 0, 0),
  ('9cc70727-ed31-5ebe-8c60-ef1a5d1d2225', '1aa33001-b80e-5447-8f00-4d251072be67', 'Suite Napoléon', 'Appartements de l''Empereur entièrement restaurés, mobilier Empire d''origine, vue sur le Grand Parterre.', '75 m²', 2, 72000, 'https://images.unsplash.com/photo-1560185893-a55cbc8c57e8?w=800&q=80', ARRAY['Mobilier Empire original','Vue Grand Parterre','Salon privé','Accès appartements privés']::text[], NULL, 1, NULL, 0, 1),
  ('9b5f979e-066b-5174-87c6-9c09634e64c8', '1aa33001-b80e-5447-8f00-4d251072be67', 'Appartement Royal', 'Suite de prestige occupant l''angle de l''aile Louis XV, panorama sur la forêt et les jardins anglais.', '110 m²', 4, 98000, 'https://images.unsplash.com/photo-1582719478250-c89cae4dc85b?w=800&q=80', ARRAY['4 pièces','Vue forêt & jardins','Piano à queue','Butler Royal dédié']::text[], NULL, 1, NULL, 0, 2),
  ('88a36a4e-6f0b-5265-8daf-926c5699d946', '49be38ea-2e0f-5063-840b-ff44680a5654', 'Chambre du Maréchal', 'La chambre d''apparat du maréchal Henri de Saint-Nectaire, inchangée depuis 1635. Baldaquin d''origine, lambris peints, cheminée en pierre de taille. La vue sur les douves et le parc centenaire est celle qu''avait le maréchal lui-même au lever du soleil.', '35 m²', 2, 22000, 'https://images.unsplash.com/photo-1631049307264-da0ec9d70304?w=800&q=80', ARRAY['Mobilier Louis XIII d''origine','Vue douves & parc centenaire','Cheminée pierre de taille','Petit-déjeuner servi en chambre']::text[], NULL, 1, NULL, 0, 0),
  ('c9a41ab9-7e16-5d2c-8568-19ff913290c0', '49be38ea-2e0f-5063-840b-ff44680a5654', 'Suite Sologne', 'La plus belle suite du château, tournée vers les étangs privés et la forêt de pins. Décoration de maison de chasse noble — trophées anciens, bibliothèque du XVIIIe, cheminée en marbre. Le matin, les brumes de Sologne effacent le monde extérieur. C''est exactement pour cela qu''on vient ici.', '55 m²', 2, 29000, 'https://images.unsplash.com/photo-1560185893-a55cbc8c57e8?w=800&q=80', ARRAY['Vue étangs privés & forêt','Bibliothèque XVIIIe','Cheminée marbre','Dîner à la table des propriétaires']::text[], NULL, 1, NULL, 0, 1),
  ('fc6dfc01-8548-5772-8c06-e15164463b83', '49be38ea-2e0f-5063-840b-ff44680a5654', 'Appartement des Communs', 'Dans les communs du XVIIe siècle entièrement restaurés, cet appartement indépendant dispose de son propre jardin clos, d''une entrée privée sur le parc et d''un accès direct aux étangs. Idéal pour un séjour en couple cherchant l''isolement total, ou pour deux couples voyageant ensemble.', '75 m²', 4, 38000, 'https://images.unsplash.com/photo-1582719478250-c89cae4dc85b?w=800&q=80', ARRAY['Jardin clos privatif','Entrée indépendante','2 chambres & salon','Accès étangs & barque']::text[], NULL, 1, NULL, 0, 2),
  ('c6b228f9-f137-5530-8b71-863014fcd27c', '5b612841-ab26-5cbd-8b8a-deb8607d6dc8', 'Chambre du Vigneron', 'La chambre la plus authentique du château — celle où dormaient les maîtres de chai au XVIIIe siècle. Vue plongeante sur les rangs de vigne du Mâconnais, mobilier bourguignon massif, tomettes anciennes. Le matin, vous vous réveillez avec l''odeur de la pierre et des ceps. Il n''existe pas d''hôtel au monde qui puisse reproduire ça.', '30 m²', 2, 19500, 'https://images.unsplash.com/photo-1631049307264-da0ec9d70304?w=800&q=80', ARRAY['Vue vignes Mâconnais','Mobilier bourguignon XVIIIe','Tomettes d''origine','Dégustation cave incluse']::text[], NULL, 1, NULL, 0, 0),
  ('9356855d-3779-54da-8166-de7ce32ab9c6', '5b612841-ab26-5cbd-8b8a-deb8607d6dc8', 'Suite du Donjon', 'Dormir dans un donjon du XIIe siècle — pas une métaphore, une réalité. Les murs ont un mètre d''épaisseur. Les fenêtres à meneaux d''origine cadrent un panorama sur les vignes, la vallée de la Saône et, par temps clair, les Alpes. Le lit à baldaquin du XVIIe siècle n''a jamais quitté cette pièce. C''est la chambre la plus demandée du château — réservez tôt.', '45 m²', 2, 28000, 'https://images.unsplash.com/photo-1560185893-a55cbc8c57e8?w=800&q=80', ARRAY['Donjon XIIe · murs 1m','Vue Alpes par temps clair','Lit baldaquin XVIIe','Verticale Pierreclos offerte']::text[], NULL, 1, NULL, 0, 1),
  ('ce562fed-71e6-562f-88ff-d7e181d3ecbe', '5b612841-ab26-5cbd-8b8a-deb8607d6dc8', 'Chambre Lamartine', 'Alphonse de Lamartine venait régulièrement à Pierreclos chercher l''inspiration que Paris ne lui donnait plus. Cette chambre est celle qu''il occupait — mobilier romantique d''époque, bibliothèque rassemblant ses œuvres complètes, vue sur la vallée de la Saône que le poète décrivait comme ''la plus douce de France''. Une nuit ici, c''est une nuit dans un poème.', '40 m²', 2, 24000, 'https://images.unsplash.com/photo-1582719478250-c89cae4dc85b?w=800&q=80', ARRAY['Vue vallée Saône','Bibliothèque Lamartine complète','Mobilier romantique d''époque','Table d''hôtes & vins du domaine']::text[], NULL, 1, NULL, 0, 2),
  ('af5f5068-123d-541b-899c-ab3c1ca46c3e', '35015d71-5591-570c-8023-cc077d981cd4', 'Chambre Charles X', 'Suite junior avec balcon donnant sur le lac et les jardins de lavande. Mobilier Empire d’époque, lit à baldaquin, vue imprenable sur le parc au lever du soleil.', '27 m²', 2, 32000, 'https://cdn.prod.website-files.com/668c039e26d1cccd00445552/67dda2a0db79b0e72bbb5d7a_Chbre-Charles-X-007w.avif', ARRAY['Balcon vue lac','Mobilier Empire','Lit à baldaquin','Jardins de lavande']::text[], NULL, 1, NULL, 0, 0),
  ('fd55a143-cdd3-5f9d-8dd4-56888b0b8ce4', '35015d71-5591-570c-8023-cc077d981cd4', 'Chambre Verte', 'L’une des chambres les plus demandées du château — papiers peints d’époque, lumière du matin sur le parc, silence absolu. L’Anjou à portee de fenêtre.', '30 m²', 2, 29000, 'https://cdn.prod.website-files.com/668c039e26d1cccd00445552/683da70fd2eed5231f812399_Chambre-verte-013w.avif', ARRAY['Vue parc centenaire','Papiers peints anciens','Salle de bain marbre','Petit-déjeuner inclus']::text[], NULL, 1, NULL, 0, 1),
  ('b3c27696-68d5-5a3b-8a2e-f25f9d8e7bad', '35015d71-5591-570c-8023-cc077d981cd4', 'Cabane Lodge', 'Au cœur des bois du parc, à 50 mètres du château. Sauna privé, baignoire, vue sur la forêt. L’expérience la plus insolite des Briottières — une nuit de Robinson en plein Anjou.', '23 m²', 2, 35000, 'https://cdn.prod.website-files.com/668c039e26d1cccd00445552/6853d2f4bf4fe01ed9e59ad5_PXL_20250430_101041102.MP%20(1)%20(1).avif', ARRAY['Sauna privé','Vue forêt','Baignoire','Accès parc 50 ha']::text[], NULL, 1, NULL, 0, 2),
  ('8ec43bf5-4b9c-53e6-8361-d9624bff7f46', 'b9e0f516-d575-5f55-804e-f66187825cd0', 'Suite du Donjon', 'Dormir dans un donjon du XIIIe siècle — murs de pierre épaisse, fenêtres à méneaux, vue sur les douves. L’expérience la plus médiévale que la Normandie puisse offrir. Réserver tôt — il n’y a qu’une seule suite.', '40 m²', 2, 28000, '/bb-donjon.avif', ARRAY['Donjon XIIIe · murs pierre','Vue douves','Salle de bain privée','Petit-déjeuner inclus']::text[], NULL, 1, NULL, 0, 0),
  ('4b35f2d5-3109-5d08-88cf-df8d2cb7cd16', 'b9e0f516-d575-5f55-804e-f66187825cd0', 'La Réserve', 'Dans l’ancienne charreterie entièrement rénovée, un gîte lumineux et contemporain. Décoration soignée, protégée par les anciens ponts-levis. Parfait pour un couple ou une petite famille.', '55 m²', 4, 22000, '/bb-gite.avif', ARRAY['Ancienne charreterie rénovée','Décoration contemporaine','Accès parc 8 ha','Pont-levis privé']::text[], NULL, 1, NULL, 0, 1)
ON CONFLICT (id) DO UPDATE SET
  nom                  = EXCLUDED.nom,
  description          = EXCLUDED.description,
  superficie           = EXCLUDED.superficie,
  capacite             = EXCLUDED.capacite,
  prix_cents           = EXCLUDED.prix_cents,
  image                = EXCLUDED.image,
  equipements          = EXCLUDED.equipements,
  ordre                = EXCLUDED.ordre;

-- 4. chateau_amenities (48 lignes — toutes les activités)
INSERT INTO public.chateau_amenities (id, chateau_id, type, nom, description, icone, inclus, prix_supplement_cents, duree_minutes, ordre) VALUES
  ('9a9b195f-bce0-5f1e-868f-25ce0b11e405', '1835a34d-9680-5a79-8eb4-313e3932c782', 'activite'::amenity_type, 'Dîner aux chandelles', 'Dîner gastronomique dans les salons d''apparat à la lueur de 2 000 bougies', '✦', true, NULL, NULL, 0),
  ('d2763b86-5e83-5ce8-8f84-c76cf7899a5f', '1835a34d-9680-5a79-8eb4-313e3932c782', 'activite'::amenity_type, 'Jardins Le Nôtre', 'Promenade guidée dans les jardins à la française, chef-d''œuvre d''André Le Nôtre', '✦', true, NULL, NULL, 1),
  ('adf41efe-8062-566c-8221-6d5f30f7c7a2', '1835a34d-9680-5a79-8eb4-313e3932c782', 'activite'::amenity_type, 'Spa & bien-être', 'Soins et massages dans les anciennes écuries rénovées', '✦', true, NULL, NULL, 2),
  ('22c97626-eba9-51a1-8387-f79048fd542c', '1835a34d-9680-5a79-8eb4-313e3932c782', 'activite'::amenity_type, 'Visite privée nocturne', 'Exploration exclusive des appartements royaux après la fermeture au public', '✦', true, NULL, NULL, 3),
  ('94d0884f-043a-5c5a-865a-616e272a5656', '1835a34d-9680-5a79-8eb4-313e3932c782', 'activite'::amenity_type, 'Équitation', 'Balade équestre dans le domaine au lever du soleil', '✦', true, NULL, NULL, 4),
  ('b26fb7c8-e17e-5588-851c-990064fae6a5', '1835a34d-9680-5a79-8eb4-313e3932c782', 'activite'::amenity_type, 'Cave privée', 'Dégustation de grands crus en cave voûtée du XVIIe siècle', '✦', true, NULL, NULL, 5),
  ('3317aea4-24c5-5324-895f-88b3b29ef402', '471c00ee-8b12-5943-8e79-dddf07959a82', 'activite'::amenity_type, 'Tir à l''arc médiéval', 'Initiation au tir à l''arc dans les douves du château avec maître archer', '✦', true, NULL, NULL, 0),
  ('ca770392-9ec2-5feb-85bb-54e6a059fe07', '471c00ee-8b12-5943-8e79-dddf07959a82', 'activite'::amenity_type, 'Chevauchée en forêt', 'Randonnée équestre dans la forêt de Compiègne, 14 500 hectares de nature royale', '✦', true, NULL, NULL, 1),
  ('9bf5ff8b-0ed8-5456-811d-474db8a0c6e3', '471c00ee-8b12-5943-8e79-dddf07959a82', 'activite'::amenity_type, 'Festin médiéval', 'Banquet servi à la grande table d''apparat, avec troubadours et jongleurs', '✦', true, NULL, NULL, 2),
  ('9bb03442-78cc-5e2a-8ac7-7b3d9684cf37', '471c00ee-8b12-5943-8e79-dddf07959a82', 'activite'::amenity_type, 'Remparts & donjon', 'Visite exclusive des chemins de ronde et du grand donjon au coucher du soleil', '✦', true, NULL, NULL, 3),
  ('1980e905-871c-57c0-8f6b-576c6a4c0200', '471c00ee-8b12-5943-8e79-dddf07959a82', 'activite'::amenity_type, 'Chasse photographique', 'Safari photo en forêt de Compiègne avec guide naturaliste', '✦', true, NULL, NULL, 4),
  ('ce90a0ba-635b-5956-8bd7-8b72890be0cd', '471c00ee-8b12-5943-8e79-dddf07959a82', 'activite'::amenity_type, 'Canoë sur l''Aisne', 'Descente privée sur la rivière Aisne au pied du château', '✦', true, NULL, NULL, 5),
  ('c5d6f228-2194-5ada-8820-2680b89eb694', 'e2e456fe-231c-54c0-8ae8-18154104e827', 'activite'::amenity_type, 'Polo & hippodrome', 'Visite des écuries princières et entraînement matinal des pur-sang', '✦', true, NULL, NULL, 0),
  ('9b163d0d-c150-5d4b-8b10-c29b849ef595', 'e2e456fe-231c-54c0-8ae8-18154104e827', 'activite'::amenity_type, 'Musée Condé', 'Visite privée de la collection : Raphaël, Botticelli, Poussin...', '✦', true, NULL, NULL, 1),
  ('9973c003-3987-5aa5-860e-7e1b0d70ca1e', 'e2e456fe-231c-54c0-8ae8-18154104e827', 'activite'::amenity_type, 'Atelier Crème Chantilly', 'Secrets de la vraie crème Chantilly avec le chef pâtissier du domaine', '✦', true, NULL, NULL, 2),
  ('89426845-1b61-56f5-8768-c887627f1e7a', 'e2e456fe-231c-54c0-8ae8-18154104e827', 'activite'::amenity_type, 'Calèche dans le parc', 'Promenade en calèche d''époque dans les allées et jardins Le Nôtre', '✦', true, NULL, NULL, 3),
  ('f9bdc5be-4854-5f1d-8fd4-d7fe748bb65f', 'e2e456fe-231c-54c0-8ae8-18154104e827', 'activite'::amenity_type, 'Forêt de Chantilly', 'Randonnée guidée dans les 6 300 hectares de forêt domaniale', '✦', true, NULL, NULL, 4),
  ('93644dd9-8cc2-541a-8104-f5833f5f3bfa', 'e2e456fe-231c-54c0-8ae8-18154104e827', 'activite'::amenity_type, 'Fauconnerie', 'Initiation à la fauconnerie avec les rapaces du domaine', '✦', true, NULL, NULL, 5),
  ('3ea2373a-cc8b-559c-8dcb-22f5320f5a32', '1aa33001-b80e-5447-8f00-4d251072be67', 'activite'::amenity_type, 'Escalade sur chaos de grès', 'Initiation sur les fameux chaos de la forêt avec guide certifié', '✦', true, NULL, NULL, 0),
  ('3bc42d6b-85e8-55c0-862e-5b7b1bd9281c', '1aa33001-b80e-5447-8f00-4d251072be67', 'activite'::amenity_type, 'Appartements royaux', 'Visite privée des appartements de François Ier, Henri IV et Napoléon Ier', '✦', true, NULL, NULL, 1),
  ('d9add83d-b6db-5c03-8464-bfbd74cf945d', '1aa33001-b80e-5447-8f00-4d251072be67', 'activite'::amenity_type, 'Spa & rituels royaux', 'Soins inspirés des traditions royales dans le spa du domaine', '✦', true, NULL, NULL, 2),
  ('4bc5e0e8-c488-52a8-89bf-97b0652831c7', '1aa33001-b80e-5447-8f00-4d251072be67', 'activite'::amenity_type, 'Table gastronomique', 'Dîner dans la salle d''État avec accord mets et vins de Bourgogne', '✦', true, NULL, NULL, 3),
  ('870fcd2b-99e1-5877-8b4a-e0e372800d4e', '1aa33001-b80e-5447-8f00-4d251072be67', 'activite'::amenity_type, 'Forêt de Fontainebleau', '25 000 hectares classés — randonnée, VTT, observation de la faune', '✦', true, NULL, NULL, 4),
  ('3c6bc04f-6747-5edc-8df0-f8fa0dff35f8', '1aa33001-b80e-5447-8f00-4d251072be67', 'activite'::amenity_type, 'Atelier École de Fontainebleau', 'Peinture dans les galeries inspiré des maîtres maniéristes italiens', '✦', true, NULL, NULL, 5),
  ('4cf31e7c-93f5-54b2-8118-522705beab54', '49be38ea-2e0f-5063-840b-ff44680a5654', 'activite'::amenity_type, 'Pêche en étang privé', 'Pêche à la carpe et au brochet dans les étangs privés du domaine', '✦', true, NULL, NULL, 0),
  ('74ae42de-3f45-5ed7-8cb7-ce3e1e25c853', '49be38ea-2e0f-5063-840b-ff44680a5654', 'activite'::amenity_type, 'Cuisines d''époque', 'Cours dans les authentiques cuisines du XVIIe siècle avec le chef', '✦', true, NULL, NULL, 1),
  ('b9ad46ef-439b-5ecc-849f-7459bfad74b7', '49be38ea-2e0f-5063-840b-ff44680a5654', 'activite'::amenity_type, 'Soirée au coin du feu', 'Veillée dans le grand salon avec dégustation de vins de Loire', '✦', true, NULL, NULL, 2),
  ('b80d8646-a53c-5c9d-8c30-de2b20a90620', '49be38ea-2e0f-5063-840b-ff44680a5654', 'activite'::amenity_type, 'Promenade en Sologne', 'Balade guidée dans les étangs et forêts avec botaniste', '✦', true, NULL, NULL, 3),
  ('c6796dad-0554-5758-8600-6103ad1dfcfa', '49be38ea-2e0f-5063-840b-ff44680a5654', 'activite'::amenity_type, 'Observation ornithologique', 'Affût photographique à l''aube — hérons, martins-pêcheurs, cigognes', '✦', true, NULL, NULL, 4),
  ('a7cd3da3-de1e-5813-8c15-1972c422e852', '49be38ea-2e0f-5063-840b-ff44680a5654', 'activite'::amenity_type, 'Attelage d''époque', 'Promenade en attelage dans les allées du parc', '✦', true, NULL, NULL, 5),
  ('e673acb8-e8c2-5157-8b24-da9f7b65d28f', '5b612841-ab26-5cbd-8b8a-deb8607d6dc8', 'activite'::amenity_type, 'Dégustation en cave', 'Verticale de 6 millésimes de Mâcon Villages dans la cave du XIIe siècle', '✦', true, NULL, NULL, 0),
  ('9ec53ecd-fad1-5bba-804a-593a60bcd2e4', '5b612841-ab26-5cbd-8b8a-deb8607d6dc8', 'activite'::amenity_type, 'Visite des vignes', 'Promenade entre les ceps avec le vigneron, explication du terroir et des cépages', '✦', true, NULL, NULL, 1),
  ('db264610-8a19-5440-835d-132685d6de9e', '5b612841-ab26-5cbd-8b8a-deb8607d6dc8', 'activite'::amenity_type, 'Table des propriétaires', 'Dîner gastronomique à la table des propriétaires, accords mets et vins du domaine', '✦', true, NULL, NULL, 2),
  ('3a24cddd-4633-56fe-8e1e-b06ec386a1c7', '5b612841-ab26-5cbd-8b8a-deb8607d6dc8', 'activite'::amenity_type, 'Donjon panoramique', 'Montée au donjon médiéval — vue à 360° sur le Mâconnais et les Alpes', '✦', true, NULL, NULL, 3),
  ('9722ad44-e1ae-589e-8b8d-e5e04ea24177', '5b612841-ab26-5cbd-8b8a-deb8607d6dc8', 'activite'::amenity_type, 'Vélo dans les vignes', 'Circuit dans les appellations Pouilly-Fuissé et Saint-Véran', '✦', true, NULL, NULL, 4),
  ('c101cac2-087b-5ddc-84df-8d98f97020d0', '5b612841-ab26-5cbd-8b8a-deb8607d6dc8', 'activite'::amenity_type, 'Sur les pas de Lamartine', 'Circuit culturel dans les villages inspirateurs du poète romantique', '✦', true, NULL, NULL, 5),
  ('f13f773b-bcf7-5c30-8b98-593f4600be8f', '35015d71-5591-570c-8023-cc077d981cd4', 'activite'::amenity_type, 'Dîner aux chandelles', 'Table d’hôtes familiale dressée chaque soir dans la grande salle, à la lueur des chandelles. Cuisine maison, vins de l’Anjou — Savennières, Layon — partagés à la table des propriétaires.', '◆', true, NULL, NULL, 0),
  ('efa5eda3-4f91-5794-88fb-4c4744326600', '35015d71-5591-570c-8023-cc077d981cd4', 'activite'::amenity_type, 'Piscine dans le parc', 'Piscine extérieure nichée au cœur des cinquante hectares de parc à l’anglaise, ouverte aux beaux jours. Une parenthèse silencieuse, loin des bassins d’hôtel.', '✦', true, NULL, NULL, 1),
  ('11430c03-8ca0-5e53-8dc1-4e769552dfc9', '35015d71-5591-570c-8023-cc077d981cd4', 'activite'::amenity_type, 'Tennis, trampoline, vélos', 'Court de tennis privé, trampoline pour enfants, et flotte de vélos à disposition pour explorer les allées du parc et le bocage angevin alentour.', '✦', true, NULL, NULL, 2),
  ('206fe905-1570-50eb-8842-12a25627348a', '35015d71-5591-570c-8023-cc077d981cd4', 'activite'::amenity_type, 'Promenades dans le parc à l’anglaise', 'Cinquante hectares dessinés au XIXe siècle par le paysagiste Châtelain. Allées centenaires, cèdres, étangs et jardins de lavande — un parc qui change à chaque saison.', '✦', true, NULL, NULL, 3),
  ('341d02d8-80fb-5132-8710-460723f57cdd', '35015d71-5591-570c-8023-cc077d981cd4', 'activite'::amenity_type, 'Balade à cheval dans les bois', 'Sortie équestre dans le bocage angevin entourant le domaine, à l’heure où le tourisme dort encore. Accompagnement par un guide équestre local.', '✦', true, NULL, NULL, 4),
  ('998d4102-e842-5134-8ccb-43a2777021df', '35015d71-5591-570c-8023-cc077d981cd4', 'activite'::amenity_type, 'Châteaux de la Loire à proximité', 'Saumur, Brissac, le Plessis-Bourré, Angers — les grands châteaux ligériens à partir de quarante-cinq minutes de route. Les Briottières comme camp de base discret pour les explorer.', '⚜', true, NULL, NULL, 5),
  ('f815bfc2-c784-5357-8e1f-9c842816e287', 'b9e0f516-d575-5f55-804e-f66187825cd0', 'activite'::amenity_type, 'Visite guidée du château', 'Visite menée par Maïté ou Éric de la Fresnaye à travers les pièces habitées, le donjon du XIIIe siècle, les ponts-levis et les douves intégrales. Sept siècles d’histoire d’une seule maison.', '⚜', true, NULL, NULL, 0),
  ('f6661d61-e7c5-5865-85d4-d33ef40204a9', 'b9e0f516-d575-5f55-804e-f66187825cd0', 'activite'::amenity_type, 'Festival médiéval de printemps', 'Rendez-vous annuel autour de Pâques. Reconstitutions historiques, troubadours, banquet médiéval dans la cour du donjon. Le château ouvre exceptionnellement ses jardins le temps d’un week-end.', '★', true, NULL, NULL, 1),
  ('241d004c-5e04-5177-82c7-e24f3cc29e73', 'b9e0f516-d575-5f55-804e-f66187825cd0', 'activite'::amenity_type, 'Son et lumières d’été', 'Mise en scène de l’histoire du Blanc Buisson sur les murs du donjon, plusieurs soirs par été. Sept siècles racontés par la pierre elle-même, depuis Colinet Lecomte jusqu’à aujourd’hui.', '◆', true, NULL, NULL, 2),
  ('fccf2366-d778-5f6d-820a-7ffe2db4bf9d', 'b9e0f516-d575-5f55-804e-f66187825cd0', 'activite'::amenity_type, 'Ateliers d’art de vivre', 'Sessions de cuisine normande, dégustations œnologiques de cidres et calvados, ateliers d’herboristerie au potager. Programme variable selon la saison et les invités du moment.', '◆', true, NULL, NULL, 3),
  ('5c2ae929-3d4e-5292-8920-ab1250329c7c', 'b9e0f516-d575-5f55-804e-f66187825cd0', 'activite'::amenity_type, 'Sylvothérapie au parc classé', 'Marches conscientes parmi les essences rares du parc de huit hectares — chênes pluricentenaires, hêtres, ifs. Le silence du Pays d’Ouche au plus près des arbres.', '✦', true, NULL, NULL, 4),
  ('1725ee3e-e9b8-5e67-84bc-04836bf88afb', 'b9e0f516-d575-5f55-804e-f66187825cd0', 'activite'::amenity_type, 'Enquête médiévale immersive', 'Enquête immersive en costume dans les pièces du château et les douves, le temps d’une nuit. Sur réservation pour groupes privés. Cadre du XIIIe siècle, scénario sur mesure.', '◆', true, NULL, NULL, 5)
ON CONFLICT (id) DO UPDATE SET
  chateau_id      = EXCLUDED.chateau_id,
  type            = EXCLUDED.type,
  nom             = EXCLUDED.nom,
  description     = EXCLUDED.description,
  icone           = EXCLUDED.icone,
  ordre           = EXCLUDED.ordre;

-- 5. chateau_timeline (48 lignes)
INSERT INTO public.chateau_timeline (id, chateau_id, annee, evenement, ordre) VALUES
  ('aa1a1984-1b8e-5fe1-874f-b07552b9a47f', '1835a34d-9680-5a79-8eb4-313e3932c782', '1658', 'Début de la construction sous la direction de Louis Le Vau', 0),
  ('c62e512b-c7e7-5db2-8777-3ad20754046b', '1835a34d-9680-5a79-8eb4-313e3932c782', '1661', 'Inauguration fastueuse — Fouquet reçoit Louis XIV et 6 000 invités', 1),
  ('90364ee2-0194-589f-8ec8-faf4ca094030', '1835a34d-9680-5a79-8eb4-313e3932c782', '1661', 'Arrestation de Fouquet sur ordre du Roi — le château est saisi', 2),
  ('5083c148-e9fe-5dd3-86dd-96faf313a1ab', '1835a34d-9680-5a79-8eb4-313e3932c782', '1875', 'Acquisition par Alfred Sommier, industriel sucrier, qui le restaure', 3),
  ('d22dba29-3ea2-5a4e-8f09-ef5758316ffd', '1835a34d-9680-5a79-8eb4-313e3932c782', '1968', 'Ouverture au public — premières Nuits aux Chandelles', 4),
  ('47a4a9a6-e763-5b63-8df8-acf21527691a', '1835a34d-9680-5a79-8eb4-313e3932c782', '2024', 'Labellisé Patrimoine Exceptionnel de France', 5),
  ('3d978482-cedb-50b8-8621-fb7dbc2cce8a', '471c00ee-8b12-5943-8e79-dddf07959a82', '1190', 'Construction initiale par les comtes de Valois', 0),
  ('aa291a92-66cc-5abb-8d7f-e180ffc8dc29', '471c00ee-8b12-5943-8e79-dddf07959a82', '1617', 'Démantèlement sur ordre de Louis XIV pour punir les frondeurs', 1),
  ('5107cfc8-1419-578e-82e8-da2b8459ef6b', '471c00ee-8b12-5943-8e79-dddf07959a82', '1813', 'Acquisition par Napoléon Ier pour 2 500 francs', 2),
  ('c8986dd1-b6fc-5376-8878-a98fe87be472', '471c00ee-8b12-5943-8e79-dddf07959a82', '1857', 'Viollet-le-Duc commence la restauration pour Napoléon III', 3),
  ('0710b3ea-21e7-58cc-80f9-f8278cd6a1b1', '471c00ee-8b12-5943-8e79-dddf07959a82', '1885', 'Achèvement des travaux — chef-d''œuvre de l''architecture néo-médiévale', 4),
  ('bb737a2c-60d2-5f1c-848d-77ac97999e47', '471c00ee-8b12-5943-8e79-dddf07959a82', '1980', 'Classement Monument Historique et ouverture partielle au public', 5),
  ('a991b50b-6cf1-5864-85bd-187a684884d8', 'e2e456fe-231c-54c0-8ae8-18154104e827', '1484', 'Construction du premier château par Pierre d''Orgemont', 0),
  ('98b2563e-8f42-5440-8f41-4ad6845ccfb5', 'e2e456fe-231c-54c0-8ae8-18154104e827', '1528', 'Anne de Montmorency transforme Chantilly en résidence princière', 1),
  ('84dd7740-ca0e-53be-8bc5-90acb568d4b1', 'e2e456fe-231c-54c0-8ae8-18154104e827', '1671', 'Le Grand Condé confie les jardins à Le Nôtre, reçoit Louis XIV', 2),
  ('b72699fa-995e-5d33-8dbb-2480c25561bd', 'e2e456fe-231c-54c0-8ae8-18154104e827', '1830', 'Le duc d''Aumale hérite du domaine et constitue sa collection', 3),
  ('8b561336-8013-5baa-8f32-dbf9d3b89684', 'e2e456fe-231c-54c0-8ae8-18154104e827', '1886', 'Legs à l''Institut de France — naissance du Musée Condé', 4),
  ('a6e87c15-33f5-581f-847a-d05f81b72099', 'e2e456fe-231c-54c0-8ae8-18154104e827', '2023', 'Restauration complète des Grandes Écuries, ouverture de l''hôtel', 5),
  ('3468f610-3cf3-539f-852a-b93e61a0eaa2', '1aa33001-b80e-5447-8f00-4d251072be67', '1137', 'Louis VII fait construire la première tour — naissance du domaine royal', 0),
  ('06ab608f-48d4-5cf4-8e22-6edec40d7076', '1aa33001-b80e-5447-8f00-4d251072be67', '1528', 'François Ier entreprend la transformation Renaissance, invite artistes italiens', 1),
  ('3a0abd4f-c86e-5c8c-87cb-0efc8873ad41', '1aa33001-b80e-5447-8f00-4d251072be67', '1600', 'Henri IV agrandit massivement — création de la cour Ovale', 2),
  ('c9982a60-87b7-5c21-8fe7-3496d4fe7e44', '1aa33001-b80e-5447-8f00-4d251072be67', '1814', 'Napoléon signe son abdication dans le Salon Rouge — les Adieux', 3),
  ('83210039-faa6-5780-82cb-c608ffc1696a', '1aa33001-b80e-5447-8f00-4d251072be67', '1981', 'Classement au Patrimoine Mondial de l''UNESCO', 4),
  ('8ca3ddc5-069b-58c4-8ccc-89d895effe2d', '1aa33001-b80e-5447-8f00-4d251072be67', '2019', 'Ouverture des appartements privés en hébergement d''exception', 5),
  ('59d79bb6-c27b-5148-8b62-4588df291c6a', '49be38ea-2e0f-5063-840b-ff44680a5654', '1635', 'Construction par Henri de Saint-Nectaire, maréchal de France', 0),
  ('1eff9ccc-322d-55df-8a9f-14d6e5d4b87a', '49be38ea-2e0f-5063-840b-ff44680a5654', '1720', 'Agrandissement par le marquis de la Ferté — création des ailes en retour', 1),
  ('3b5a7a95-db88-5731-869e-bec6b6ae6352', '49be38ea-2e0f-5063-840b-ff44680a5654', '1840', 'Transmission à la famille Jouffroy-Gonsans par mariage', 2),
  ('6be3fde8-86c3-595b-8dd6-f76d61ff4d5c', '49be38ea-2e0f-5063-840b-ff44680a5654', '1970', 'Ouverture au public — premier château privé de la région', 3),
  ('873fab88-0871-54e2-83c8-80546b44d6e3', '49be38ea-2e0f-5063-840b-ff44680a5654', '2005', 'Restauration des cuisines d''époque et des appartements', 4),
  ('9cd2d6d8-df0f-5143-85e9-f49d5e517d30', '49be38ea-2e0f-5063-840b-ff44680a5654', '2020', 'Lancement des séjours immersifs en chambre d''hôtes de prestige', 5),
  ('a7757d19-503d-5ba1-850e-3ea5865a7298', '5b612841-ab26-5cbd-8b8a-deb8607d6dc8', '1180', 'Construction du donjon par les seigneurs de Pierreclos', 0),
  ('2132ab1a-16dc-533f-80e6-c69687c5e655', '5b612841-ab26-5cbd-8b8a-deb8607d6dc8', '1350', 'Agrandissement et fortification — création des tours d''angle', 1),
  ('408403d6-02dc-5908-88e5-e05db00bb240', '5b612841-ab26-5cbd-8b8a-deb8607d6dc8', '1562', 'Dommages lors des guerres de Religion — reconstruction partielle', 2),
  ('decb545d-275d-5a95-83d2-46aef05eacfe', '5b612841-ab26-5cbd-8b8a-deb8607d6dc8', '1820', 'Lamartine séjourne au château — il en fera le décor de Jocelyn', 3),
  ('148851ad-f302-5c30-8d8e-f4dd11b810e8', '5b612841-ab26-5cbd-8b8a-deb8607d6dc8', '1960', 'Plantation des vignes actuelles — naissance du Mâcon Pierreclos', 4),
  ('e5ef18e1-f38b-55bd-80c0-53438dcfc0dd', '5b612841-ab26-5cbd-8b8a-deb8607d6dc8', '2010', 'Restauration du donjon et ouverture des chambres d''hôtes', 5),
  ('28ddba46-cc42-57a9-8f80-6c05b5fa8bd2', '35015d71-5591-570c-8023-cc077d981cd4', '1485', 'Jean de La Saussaie acquiert les Briottières par mariage', 0),
  ('5049229c-c595-5707-8c5a-ed63f09e4126', '35015d71-5591-570c-8023-cc077d981cd4', '1528', 'Édification de la chapelle Saint-Bonaventure par René de Baïf', 1),
  ('8b45daef-9636-50a0-85e0-e7f37fedccb6', '35015d71-5591-570c-8023-cc077d981cd4', '1855', 'Alfred de Mieulle crée le parc à l''anglaise de 50 hectares', 2),
  ('a40b8592-094b-5549-8f69-87886359fff9', '35015d71-5591-570c-8023-cc077d981cd4', '1921', 'Jean de Mieulle reprend les Briottières — 3 jardiniers, un garde chasse', 3),
  ('35a25a25-df18-5054-878b-242456dbbbd5', '35015d71-5591-570c-8023-cc077d981cd4', '1979', 'François de Valbray invente le concept du château-hôtel', 4),
  ('04bbd868-a4af-5bb8-833e-4413eff0fb40', '35015d71-5591-570c-8023-cc077d981cd4', 'Aujourd''hui', 'Arnaud et Madeleine perpétuent l''art de vivre des Briottières', 5),
  ('c8173d56-ac42-536d-801e-0351b1cb2dfe', 'b9e0f516-d575-5f55-804e-f66187825cd0', '1290', 'Construction sous Philippe le Bel par Colinet Lecomte', 0),
  ('5c5189a7-7dad-55de-8cb9-ab04f1bc0be8', 'b9e0f516-d575-5f55-804e-f66187825cd0', '1355', 'Siège par les troupes de Jean II — premier étage détruit', 1),
  ('18831cef-c86d-5a57-8e4d-5fc66392474f', 'b9e0f516-d575-5f55-804e-f66187825cd0', '1474', 'Reconstruction par Jean du Merle et Marie Le Conte', 2),
  ('474e6572-0855-5a2f-8f45-4d7a3a2c9534', 'b9e0f516-d575-5f55-804e-f66187825cd0', '1801', 'Vendu pour la 1ère fois — entre dans la famille des propriétaires actuels', 3),
  ('effffebd-7c22-520d-895b-dd252b8ccaff', 'b9e0f516-d575-5f55-804e-f66187825cd0', '1949', 'Inscription aux Monuments Historiques', 4),
  ('72ae1261-64e7-5c8c-8fc1-b5d9ed2ac251', 'b9e0f516-d575-5f55-804e-f66187825cd0', '2018', 'Ouverture aux séminaires, réceptions et séjours', 5)
ON CONFLICT (id) DO UPDATE SET
  chateau_id   = EXCLUDED.chateau_id,
  annee        = EXCLUDED.annee,
  evenement    = EXCLUDED.evenement,
  ordre        = EXCLUDED.ordre;

-- 6. chateau_alentours (36 lignes)
INSERT INTO public.chateau_alentours (id, chateau_id, nom, distance, type, icone, description, ordre) VALUES
  ('75eda397-c4d4-5dae-8df1-bceef9cd379e', '1835a34d-9680-5a79-8eb4-313e3932c782', 'Forêt de Fontainebleau', '20 km', 'nature'::alentour_type, '✦', 'Massif forestier de 25 000 hectares classé, célèbre pour ses chaos rocheux et ses sentiers ouverts à la randonnée et à l''escalade.', 0),
  ('6438a10f-8235-5a62-83ab-7e0a2996b77b', '1835a34d-9680-5a79-8eb4-313e3932c782', 'Melun (marché provençal)', '6 km', 'village'::alentour_type, '◆', 'Préfecture de Seine-et-Marne, marché animé plusieurs fois par semaine au cœur de la vieille ville sur la Seine.', 1),
  ('f5b52425-32d9-5a56-8d50-784a00cfa53d', '1835a34d-9680-5a79-8eb4-313e3932c782', 'Château de Fontainebleau', '18 km', 'culture'::alentour_type, '◆', 'Résidence royale habitée pendant huit siècles, classée au patrimoine mondial de l''UNESCO depuis 1981.', 2),
  ('c81efb87-96bc-599b-87b2-22eabb3830f7', '1835a34d-9680-5a79-8eb4-313e3932c782', 'Barbizon (village des peintres)', '25 km', 'culture'::alentour_type, '◆', 'Village des peintres pré-impressionnistes, où Millet et Théodore Rousseau ont vécu et travaillé au XIXe siècle.', 3),
  ('2aef07c9-5579-5447-8392-bbe2ec05990a', '471c00ee-8b12-5943-8e79-dddf07959a82', 'Forêt de Compiègne', '5 km', 'nature'::alentour_type, '✦', 'Massif royal de 14 500 hectares, ancienne réserve de chasse des rois et empereurs, sentiers et clairières ouverts au public.', 0),
  ('f5073ee6-201a-588f-8dbb-79796f89497f', '471c00ee-8b12-5943-8e79-dddf07959a82', 'Compiègne (palais impérial)', '14 km', 'culture'::alentour_type, '◆', 'Résidence d''été des rois de France et de Napoléon III, vaste palais ouvert à la visite et abritant le musée du Second Empire.', 1),
  ('b70741c4-1b9c-59e4-8e65-7fcfbb774fd6', '471c00ee-8b12-5943-8e79-dddf07959a82', 'Clairière de l''Armistice', '12 km', 'patrimoine'::alentour_type, '⚜', 'Lieu de signature de l''Armistice du 11 novembre 1918, mémorial reconstruit après la Seconde Guerre mondiale.', 2),
  ('ac2ca94c-6954-57c6-84aa-dd2c27254c79', '471c00ee-8b12-5943-8e79-dddf07959a82', 'Village de Pierrefonds', '0.5 km', 'village'::alentour_type, '◆', 'Bourg médiéval pittoresque dominé par le château, étapes de promenade autour de l''étang et des halles.', 3),
  ('0a79fa12-4521-5b47-8d2b-65f3563a1011', 'e2e456fe-231c-54c0-8ae8-18154104e827', 'Forêt de Chantilly', '0 km', 'nature'::alentour_type, '✦', 'Forêt domaniale de 6 300 hectares contiguë au château, sentiers, étangs et site classé Natura 2000.', 0),
  ('c08e7a6f-59e6-5d76-815e-82c22bb8696b', 'e2e456fe-231c-54c0-8ae8-18154104e827', 'Senlis (cité médiévale)', '10 km', 'village'::alentour_type, '◆', 'Cité épiscopale aux ruelles pavées, cathédrale gothique du XIIe siècle et remparts gallo-romains préservés.', 1),
  ('c1ad0bac-eec9-5863-8c63-a1f616c90e15', 'e2e456fe-231c-54c0-8ae8-18154104e827', 'Abbaye de Royaumont', '12 km', 'culture'::alentour_type, '◆', 'Abbaye cistercienne fondée par Saint Louis en 1228, aujourd''hui centre culturel et musical international.', 2),
  ('4f4a0761-603f-5860-8468-6228c0c6f2bc', 'e2e456fe-231c-54c0-8ae8-18154104e827', 'Hippodrome de Chantilly', '1 km', 'sport'::alentour_type, '✦', 'L''un des plus prestigieux hippodromes d''Europe, accueille le Prix du Jockey Club et le Prix de Diane chaque année.', 3),
  ('aec1f5e3-cfe9-5250-8db0-1e67dc322af3', '1aa33001-b80e-5447-8f00-4d251072be67', 'Forêt de Fontainebleau', '0 km', 'nature'::alentour_type, '✦', '25 000 hectares de forêt royale classée, paradis des grimpeurs et des randonneurs, à pied du château.', 0),
  ('b3241d14-a2b2-54c9-8f0e-784489fd73e0', '1aa33001-b80e-5447-8f00-4d251072be67', 'Barbizon (village des peintres)', '8 km', 'culture'::alentour_type, '◆', 'Village où vécurent Millet, Rousseau et l''École de Barbizon, mouvement précurseur de l''impressionnisme français.', 1),
  ('15e32b24-22a2-5834-86b9-4badafeace73', '1aa33001-b80e-5447-8f00-4d251072be67', 'Moret-sur-Loing (cité médiévale)', '12 km', 'village'::alentour_type, '◆', 'Cité fortifiée sur le Loing, ancienne place forte royale aux portes ogivales et aux maisons à colombages.', 2),
  ('4431fcf5-1439-5925-8e25-c9398c386867', '1aa33001-b80e-5447-8f00-4d251072be67', 'Vaux-le-Vicomte', '18 km', 'culture'::alentour_type, '◆', 'Chef-d''œuvre du Grand Siècle, modèle direct de Versailles, à dix-huit kilomètres au nord-ouest.', 3),
  ('b1ce79e4-95d9-524a-8541-3d1dc9c240b4', '49be38ea-2e0f-5063-840b-ff44680a5654', 'Forêt de Sologne', '0 km', 'nature'::alentour_type, '✦', 'Pays de bocages et d''étangs, forêts de pins et de chênes, ancienne terre de chasse royale au sud d''Orléans.', 0),
  ('59861f3f-b21b-58bc-8d7e-a4ad14b02720', '49be38ea-2e0f-5063-840b-ff44680a5654', 'Orléans (cathédrale)', '20 km', 'culture'::alentour_type, '◆', 'Capitale historique du Val de Loire, cathédrale Sainte-Croix gothique flamboyant, mémoire de Jeanne d''Arc.', 1),
  ('7c5f0b27-1179-514c-8ba8-da41c034aa25', '49be38ea-2e0f-5063-840b-ff44680a5654', 'Chambord', '35 km', 'culture'::alentour_type, '◆', 'Plus grand château de la Loire, chef-d''œuvre de la Renaissance française commandé par François Ier en 1519.', 2),
  ('67b9758b-bfcc-507a-89e5-e8fa9c6ac7c6', '49be38ea-2e0f-5063-840b-ff44680a5654', 'La Ferté-Saint-Aubin (village)', '2 km', 'village'::alentour_type, '◆', 'Bourg solognot traversé par le Cosson, halles couvertes du XIXe siècle, gare ouverte sur la ligne Paris-Orléans.', 3),
  ('3084b920-c60a-55b8-860a-627f26c46df9', '5b612841-ab26-5cbd-8b8a-deb8607d6dc8', 'Mâcon (vieille ville)', '12 km', 'village'::alentour_type, '◆', 'Préfecture de Saône-et-Loire sur les rives de la Saône, vieille ville aux toits de tuiles romaines et marché couvert animé.', 0),
  ('5baab931-f2b9-508b-8f5b-80d0815b7c3d', '5b612841-ab26-5cbd-8b8a-deb8607d6dc8', 'Cluny (abbaye médiévale)', '15 km', 'culture'::alentour_type, '◆', 'Vestiges de la plus grande abbaye bénédictine d''Europe, fondée en 910, centre rayonnant de la chrétienté médiévale.', 1),
  ('b08e8577-6ff4-5684-86eb-6081048000cb', '5b612841-ab26-5cbd-8b8a-deb8607d6dc8', 'Solutré (roche)', '5 km', 'nature'::alentour_type, '✦', 'Éperon rocheux mythique du Mâconnais, site préhistorique majeur et panorama exceptionnel sur le vignoble.', 2),
  ('f554c69c-7461-56f5-8e11-795c06a04609', '5b612841-ab26-5cbd-8b8a-deb8607d6dc8', 'Pouilly-Fuissé (vignoble)', '8 km', 'gastronomie'::alentour_type, '◆', 'Appellation emblématique du Mâconnais, grands vins blancs de chardonnay sur sols argilo-calcaires.', 3),
  ('9edbe39b-5f99-5e91-80ae-ceb2dd23da8f', '35015d71-5591-570c-8023-cc077d981cd4', 'Château du Plessis-Bourré', '20 min', 'patrimoine'::alentour_type, '⚜', 'L’un des joyaux méconnus de la Loire — intact depuis 1480, ponts-levis, douves et grand appartement Louis XI. L’antééthèse du château-musée : ici, on entre dans l’histoire.', 0),
  ('04b32753-8384-5e0a-8a22-7b377f0a77c2', '35015d71-5591-570c-8023-cc077d981cd4', 'Angers — la tapisserie de l’Apocalypse', '30 min', 'patrimoine'::alentour_type, '◆', 'Chef-d’œuvre du XIVe siècle, la plus grande tapisserie médiévale du monde (104 mètres) conservée dans le château des rois d’Anjou. Incontournable.', 1),
  ('eddfb308-e908-56be-892f-4cae3ac3d5d0', '35015d71-5591-570c-8023-cc077d981cd4', 'Abbaye de Solesmes', '30 min', 'spirituel'::alentour_type, '★', 'Haut lieu du chant grégorien. Les moines bénédictins perpétuent une tradition musicale millénaire. Assister à un office reste une expérience hors du commun.', 2),
  ('a189db74-d88b-56b3-8554-462095378cc9', '35015d71-5591-570c-8023-cc077d981cd4', 'Vignobles de Savenières & Coulée de Serrant', '45 min', 'gastronomie'::alentour_type, '✦', 'L’un des grands blancs secs du monde, issu de chenin blanc. La Coulée de Serrant est l’une des rares AOC mono-propriétaire de France — six hectares, une famille.', 3),
  ('3c18601d-c30d-554a-84fe-b14b959aad52', '35015d71-5591-570c-8023-cc077d981cd4', 'Château du Lude', '35 min', 'patrimoine'::alentour_type, '⚜', 'Château Renaissance habité par la même famille depuis 1750. Leur spectacle Son & Lumière est l’un des plus grands de France — 300 acteurs, 2 000 spectateurs.', 4),
  ('1961b874-33d0-58c2-8ef3-523fc063698e', '35015d71-5591-570c-8023-cc077d981cd4', 'Sarthe à vélo — Anjou bleu', '10 min', 'nature'::alentour_type, '◆', 'Le canal de la Sarthe et ses écluses, les étangs et bocages de l’Anjou bleu. Des circuits vélo depuis les Briottières traversent des paysages que le tourisme n’a pas encore découverts.', 5),
  ('1727dcf3-b316-583c-8041-22325de794cc', 'b9e0f516-d575-5f55-804e-f66187825cd0', 'Abbaye du Bec-Hellouin', '25 min', 'patrimoine'::alentour_type, '⚜', 'L’une des grandes abbayes bénédictines d’Europe, fondée en 1034. Herluin, Lanfranc, Anselme — ses abbés ont formé des archevêques de Canterbury et influencé la pensée médiévale. Toujours habitée par des moines.', 0),
  ('6b1089d8-3054-59cd-8f54-fc6b9b6138bd', 'b9e0f516-d575-5f55-804e-f66187825cd0', 'Giverny — jardins de Monet', '35 min', 'patrimoine'::alentour_type, '◆', 'Le jardin où Claude Monet peignit ses Nénufars. Un lieu de pèlerinage pour les amateurs d’impressionnisme, à voir au printemps quand les iris et les roses sont en fleur.', 1),
  ('373d219a-3c02-54f1-8593-6bbf43d094b5', 'b9e0f516-d575-5f55-804e-f66187825cd0', 'Les Andelys — Château Gaillard', '30 min', 'patrimoine'::alentour_type, '✦', 'La forteresse de Richard Cœur de Lion, construite en un an en 1196 pour défendre la Normandie contre Philippe Auguste. Un panorama exceptionnel sur les méandres de la Seine.', 2),
  ('1eb5600d-5003-5dd2-82b7-692362f7cec0', 'b9e0f516-d575-5f55-804e-f66187825cd0', 'Évreux — cathédrale Notre-Dame', '30 min', 'patrimoine'::alentour_type, '⚜', 'Une des plus belles cathédrales gothiques de Normandie, avec ses vitraux du XIIIe au XVIIe siècle. La ville d’Évreux possède un centre médiéval remarquablement préservé.', 3),
  ('0b4b1374-e45b-5574-87c1-64f4455a78cc', 'b9e0f516-d575-5f55-804e-f66187825cd0', 'Vernón — vieille ville', '30 min', 'nature'::alentour_type, '◆', 'Une halte bucolique sur les bords de Seine, avec son vieux moulin sur pilotis et ses colombages. Point de départ idéal pour rejoindre Giverny à vélo le long de la rivière.', 4),
  ('0ad64dd0-6215-5451-8b23-89649ed8810f', 'b9e0f516-d575-5f55-804e-f66187825cd0', 'Forêt de Breteuil', '15 min', 'nature'::alentour_type, '★', '5 000 hectares de hêtres et de chênes au cœur du Pays d’Ouche. Sentiers de randonnée, étangs de pêche, silence absolu. La Normandie intérieure à son meilleur.', 5)
ON CONFLICT (id) DO UPDATE SET
  chateau_id   = EXCLUDED.chateau_id,
  nom          = EXCLUDED.nom,
  distance     = EXCLUDED.distance,
  type         = EXCLUDED.type,
  icone        = EXCLUDED.icone,
  description  = EXCLUDED.description,
  ordre        = EXCLUDED.ordre;

-- 7. chateau_modules (12 lignes — A×8 + B×2 + C×2)
INSERT INTO public.chateau_modules (id, chateau_id, module_id, est_actif, commission_pct_negociee) VALUES
  ('609c4e96-35da-5997-83eb-862490c97ea6', '1835a34d-9680-5a79-8eb4-313e3932c782', '6c150030-e9c1-574f-8124-5e08eb2981d1', true, 13),
  ('2eec64a4-758f-5a59-88e9-c7137b01f63c', '471c00ee-8b12-5943-8e79-dddf07959a82', '6c150030-e9c1-574f-8124-5e08eb2981d1', true, 13),
  ('5338cfb3-7df0-5d26-8b3c-13b1e340448e', 'e2e456fe-231c-54c0-8ae8-18154104e827', '6c150030-e9c1-574f-8124-5e08eb2981d1', true, 13),
  ('00cfae6c-ba36-5c0e-84af-c7b0ed76cd7f', '1aa33001-b80e-5447-8f00-4d251072be67', '6c150030-e9c1-574f-8124-5e08eb2981d1', true, 13),
  ('26b9406c-f38c-59a2-8914-2005c040ba41', '49be38ea-2e0f-5063-840b-ff44680a5654', '6c150030-e9c1-574f-8124-5e08eb2981d1', true, 13),
  ('318ca3d8-1540-5f43-8643-810acd397fc9', '5b612841-ab26-5cbd-8b8a-deb8607d6dc8', '6c150030-e9c1-574f-8124-5e08eb2981d1', true, 13),
  ('1822265d-a12d-5723-8afd-df51fd83c3b4', '35015d71-5591-570c-8023-cc077d981cd4', '6c150030-e9c1-574f-8124-5e08eb2981d1', true, 13),
  ('cfb259ba-c157-5b38-89e9-20b00424df80', '35015d71-5591-570c-8023-cc077d981cd4', '636f3128-5185-5803-8ca4-13b8dff29592', true, 8.5),
  ('cdddd080-ebca-52ad-85cd-96e3a32ac4a9', '35015d71-5591-570c-8023-cc077d981cd4', '7bcbca95-be39-558b-8d9e-f0628d962fda', true, 10),
  ('3f44ebe6-301c-579b-80ec-cc4ea7cb08ff', 'b9e0f516-d575-5f55-804e-f66187825cd0', '6c150030-e9c1-574f-8124-5e08eb2981d1', true, 13),
  ('b75cff51-42fb-59bb-8199-112b3fc19d28', 'b9e0f516-d575-5f55-804e-f66187825cd0', '636f3128-5185-5803-8ca4-13b8dff29592', true, 8.5),
  ('c470a231-bbe2-5a22-80f8-bc00cb311c6b', 'b9e0f516-d575-5f55-804e-f66187825cd0', '7bcbca95-be39-558b-8d9e-f0628d962fda', true, 10)
ON CONFLICT (chateau_id, module_id) DO UPDATE SET
  est_actif               = EXCLUDED.est_actif,
  commission_pct_negociee = EXCLUDED.commission_pct_negociee;

-- 8. migrations_log (1 ligne — trace S1-γ)
INSERT INTO public.migrations_log (id, nom_migration, rows_affected, notes) VALUES
  ('79ad5de0-5f01-51aa-8209-9e9b1ce0f9eb', 'S1-gamma_seed_initial_2026-05-08', 180, 'Seed initial 8 châteaux : 4 modules + 8 chateaux + 23 chambres + 48 amenities + 48 timeline + 36 alentours + 12 chateau_modules. Source : src/data/chateaux.js. UUIDs déterministes.')
ON CONFLICT (nom_migration) DO UPDATE SET
  rows_affected = EXCLUDED.rows_affected,
  notes         = EXCLUDED.notes,
  executed_at   = NOW();

COMMIT;

-- ═══════════════════════════════════════════════════════════════════════════
-- STATISTIQUES SEED
-- ═══════════════════════════════════════════════════════════════════════════
-- modules            : 4 lignes
-- chateaux           : 8 lignes
-- chambres           : 23 lignes
-- chateau_amenities  : 48 lignes
-- chateau_timeline   : 48 lignes
-- chateau_alentours  : 36 lignes
-- chateau_modules    : 12 lignes
-- migrations_log     : 1 ligne
-- TOTAL              : 180 INSERT (idempotents via ON CONFLICT)
-- ═══════════════════════════════════════════════════════════════════════════
